time,Mg wt,Mg SD,Mn wt,Mn SD,Fe wt,Fe SD,Co wt,Co SD,Ni wt,Ni SD,Mg mut,Mg mut SD,Mn mut,Mn mut SD,Fe mut,Fe mut SD,Co mut,Co mut SD,Ni mut,Ni mut SD,Mg con,Mg con SD,Mn con,Mn con SD,Fe con,Fe con SD,Co con,Co con SD,Ni con,Ni con SD
24,8.925770391,1.905058117,11.03164493,3.118942705,10.1881094,2.271463664,11.53938166,2.470135443,10.63982945,2.245679028,10.47450344,0.507426954,13.48851833,0.638303271,11.93882276,0.426610151,13.31518662,0.55981688,12.61971425,0.466644132,0.449116141,0.004003916,0,0,0.009390822,0.002504272,0.026804603,0.006701151,0.039992101,0.002424128
48,12.66893643,0.066187305,16.70937008,0.327244948,14.5625046,0.160673246,15.94873888,0.267291089,15.50866086,0.196978038,13.88755765,0.408517514,18.04000786,0.618573881,15.85435872,0.596970195,16.88689999,0.574386747,16.7273167,0.578207708,0.439680632,0.002703917,0,0,0.008207765,0.001440248,0.022337169,0.003868911,0.034200141,0.003049514
72,14.61880289,0.259904221,18.64073432,0.357400334,16.30482365,0.120065444,17.45426409,0.144554452,17.5700468,0.168327838,16.39784796,0.521138235,20.68340667,0.567149208,18.3141258,0.541683243,19.27474339,0.490665808,19.74465175,0.432320349,0.342096301,0.012560245,0,0,0.008261764,0.002168351,0.017869735,0.003868911,0.031579969,0.002278545
96,16.16499911,1.725994188,19.9096467,2.196908865,17.62435935,1.493578934,18.24053245,1.563006611,18.5111023,1.768331833,17.50187037,1.419451053,21.70373095,1.959815959,19.35541727,1.362533175,19.75052509,1.392910129,20.34260261,1.545469596,0.381902239,0.008346357,0,0,0.007844503,0.001583279,0.017869735,0.003868911,0.028959797,0.001803326
